id,yL,x1,x2,x3,x4,x5,x6,x7,x8,x9,x10,x11,x12,x13,x14,x15,x16,x17,x18,x19,x20,x21,x22,x23,x24,x25,x26,x27,x28,x29,x30,x31,x32
1.0,1.0,49.856,118.8,1.0,0.0,0.0,0.0,0.0,16.32096,0.0,18.762237,6.162105,9.39728,0.0,1.0,0.0,1.0,0.0,0.0,0.0,0.0,0.0004,0.0,0.9709,0.0003,6.0,6.0,24.7138,0.0,0.0,7.0,0.056546400000000004,0.1128597
2.0,1.0,71.836,34.8,0.0,0.0,0.0,0.0,1.0,15.00535,44.0,119.94679,7.381653999999999,10.4237,0.0,0.0,0.0,0.0,0.0,0.0,0.0,0.0,0.2999,0.0001,0.42,0.0,8.0,4.0,38.0658,0.0,0.0,7.0,0.6552600000000001,0.8869081
3.0,1.0,66.725,41.8,0.0,1.0,0.0,0.0,0.0,17.07023,27.0,10.879595,7.85423,12.9768,0.0,0.0,0.0,0.0,1.0,0.0,0.0,0.0,0.0051,0.0,0.965,0.0,6.0,6.0,48.3807,0.0,1.0,4.0,0.067855,0.1339441
4.0,0.0,41.696000000000005,132.0,0.0,0.0,1.0,0.0,0.0,16.3146,0.0,9.7629269,7.545124,30.4279,0.0,0.0,0.0,0.0,1.0,0.0,0.0,0.0,0.9289,0.0,0.0091,0.0001,6.0,4.0,59.841,0.0,0.0,7.0,0.1332304,0.260102
5.0,1.0,71.351,24.2,1.0,0.0,0.0,0.0,0.0,11.1079,31.0,151.58182,9.20704,0.0,1.0,0.0,1.0,0.0,0.0,0.0,1.0,0.0,0.8028,0.0,0.0051,0.0,5.0,7.0,175.925,0.0,0.0,3.0,0.3185837,0.6277294
6.0,1.0,71.565,25.4,0.0,0.0,0.0,1.0,0.0,17.30379,38.0,11.959608,8.215269000000001,3.3778300000000003,0.0,0.0,0.0,0.0,0.0,0.0,1.0,0.0,0.9059999999999999,0.0191,0.0,0.0,5.0,7.0,14.9909,1.0,0.0,1.0,0.17318920000000002,0.330825
7.0,1.0,67.87899999999999,42.3,0.0,0.0,0.0,0.0,1.0,15.079120000000001,31.0,124.27696,7.091951,0.0,0.0,1.0,0.0,0.0,0.0,0.0,0.0,0.0,0.8748,0.0002,0.0022,0.0001,7.0,3.0,81.3357,0.0,0.0,5.0,0.21966479999999997,0.43610129999999997
8.0,0.0,76.99463399999999,7.6,1.0,0.0,0.0,0.0,0.0,16.65255,45.0,2.2213529999999997,10.1866,3.26591,1.0,0.0,1.0,0.0,0.0,0.0,0.0,1.0,0.8239,0.0049,0.0094,0.0082,6.0,6.0,31.915,1.0,0.0,1.0,0.2974162,0.5587434
9.0,1.0,75.56829300000001,8.0,0.0,0.0,0.0,0.0,0.0,15.85385,45.0,92.974691,10.2731,0.44764499999999996,0.0,1.0,0.0,0.0,0.0,0.0,0.0,0.0,0.8324,0.0009,0.0204,0.0,8.0,4.0,73.9691,1.0,0.0,1.0,0.2852896,0.5392365
11.0,1.0,70.705,19.6,1.0,0.0,0.0,0.0,0.0,12.454239999999999,31.0,25.607992000000003,9.985868,0.117247,1.0,0.0,1.0,0.0,0.0,1.0,0.0,0.0,0.8222,0.0016,0.0,0.0,6.0,6.0,110.12,0.0,0.0,2.0,0.2929382,0.5830948
12.0,1.0,72.39,19.6,1.0,0.0,0.0,0.0,0.0,13.114189999999999,31.0,718.74058,9.66117,37.6808,1.0,0.0,0.0,1.0,0.0,0.0,0.0,0.0,0.0526,0.0005,0.8635,0.0002,6.0,6.0,210.16099999999997,0.0,0.0,6.0,0.2446785,0.4429865
14.0,1.0,71.383,16.0,1.0,0.0,0.0,0.0,0.0,12.46987,31.0,605.52093,9.455229,0.592806,1.0,0.0,1.0,0.0,0.0,1.0,0.0,0.0,0.6894,0.0001,0.0042,0.0004,6.0,6.0,100.831,0.0,0.0,1.0,0.43113500000000005,0.8503504000000001
15.0,1.0,70.836585,12.2,0.0,0.0,0.0,0.0,0.0,16.13682,31.0,50.23171,7.7526660000000005,1.6923400000000002,0.0,1.0,0.0,0.0,0.0,0.0,0.0,0.0,0.6964,0.0029,0.0015,0.0001,5.0,6.0,89.6074,0.0,0.0,4.0,0.4255556,0.8398061
16.0,1.0,76.051951,8.3,0.0,0.0,0.0,0.0,0.0,16.114829999999998,45.0,325.89799999999997,10.255289999999999,0.000295,0.0,0.0,0.0,0.0,0.0,0.0,0.0,0.0,0.8524,0.0032,0.0316,0.002,6.0,6.0,132.332,1.0,0.0,1.0,0.2601248,0.4765666
17.0,0.0,71.24600000000001,31.3,1.0,0.0,0.0,0.0,0.0,12.141810000000001,31.0,8.2223586,7.922650999999999,0.9136280000000001,0.0,0.0,1.0,0.0,0.0,1.0,0.0,0.0,0.8673,0.0111,0.0053,0.0032,6.0,6.0,122.285,0.0,0.0,1.0,0.2348376,0.4452922
19.0,0.0,52.879,89.6,1.0,0.0,0.0,0.0,0.0,13.194270000000001,45.0,11.499262,6.426776,20.836,0.0,1.0,1.0,1.0,0.0,0.0,0.0,0.0,0.0092,0.0,0.0103,0.7376,4.0,7.0,61.2636,0.0,0.0,6.0,0.39675509999999997,0.7504711
20.0,1.0,55.104,85.3,0.0,0.0,0.0,1.0,0.0,15.740670000000001,42.0,6.3290354,6.716951,10.6626,0.0,1.0,0.0,0.0,0.0,0.0,1.0,0.0,0.9543,0.0004,0.0002,0.0007,6.0,6.0,46.7033,0.0,0.0,2.0,0.0873395,0.1740119
21.0,1.0,70.877,16.1,0.0,0.0,0.0,0.0,1.0,15.31143,31.0,87.176211,6.451932,0.063613,0.0,0.0,0.0,0.0,0.0,0.0,0.0,0.0,0.51,0.0001,0.4037,0.0,8.0,4.0,101.84700000000001,1.0,0.0,6.0,0.5694958999999999,0.9256806000000001
22.0,1.0,61.905,39.5,1.0,0.0,0.0,0.0,0.0,14.136079999999998,31.0,2.4313377,8.226801,1.5331,0.0,1.0,1.0,0.0,1.0,0.0,0.0,0.0,0.5421,0.0002,0.0018,0.0,5.0,7.0,104.84700000000001,0.0,0.0,1.0,0.4982795,0.9906232
23.0,0.0,65.3,52.6,0.0,0.0,1.0,0.0,0.0,18.821820000000002,45.0,17.869065,8.304753,2.48925,0.0,0.0,0.0,0.0,0.0,0.0,1.0,0.0,0.9538,0.0006,0.0003,0.0016,7.0,4.0,15.1618,1.0,0.0,2.0,0.0883529,0.1754359
24.0,1.0,71.641463,14.6,0.0,0.0,0.0,0.0,1.0,15.980929999999999,45.0,78.80583,8.063782000000002,0.8043640000000001,0.0,0.0,0.0,0.0,0.0,0.0,0.0,0.0,0.7657,0.0005,0.1235,0.0,7.0,4.0,69.8471,0.0,0.0,3.0,0.38628490000000004,0.6462491
25.0,1.0,49.45399999999999,99.1,0.0,1.0,0.0,0.0,0.0,15.991520000000001,29.0,32.204072,5.613654,3.49831,0.0,1.0,0.0,0.0,1.0,0.0,0.0,0.0,0.1489,0.0,0.4862,0.0,7.0,6.0,35.4226,0.0,0.0,6.0,0.6082863000000001,0.8995687
27.0,1.0,64.877,48.2,0.0,0.0,1.0,0.0,0.0,12.74222,31.0,84.834491,7.166003,0.25956599999999996,1.0,0.0,0.0,0.0,1.0,0.0,0.0,0.0,0.9599,0.0,0.0223,0.0,5.0,6.0,85.9516,0.0,0.0,5.0,0.0777779,0.1509835
28.0,0.0,53.595,84.7,0.0,1.0,0.0,0.0,0.0,16.00977,0.0,50.834703999999995,5.4447410000000005,20.3918,0.0,0.0,0.0,0.0,1.0,0.0,0.0,0.0,0.011000000000000001,0.0,0.0233,0.8466,6.0,5.0,13.5338,0.0,0.0,7.0,0.26841970000000004,0.49236769999999996
29.0,0.0,52.208999999999996,86.0,0.0,1.0,0.0,0.0,0.0,16.2764,28.0,24.783097,6.877133000000001,11.3311,0.0,0.0,0.0,0.0,1.0,0.0,0.0,0.0,0.5258,0.0,0.212,0.0,7.0,6.0,37.4964,0.0,0.0,6.0,0.6098415,0.8689551
30.0,0.0,77.377073,6.8,1.0,0.0,0.0,0.0,0.0,17.140220000000003,45.0,3.0561356,10.24421,3.6961699999999995,0.0,0.0,1.0,0.0,0.0,1.0,0.0,0.0,0.8789,0.0126,0.009000000000000001,0.018000000000000002,6.0,6.0,51.4967,1.0,0.0,1.0,0.2203288,0.40080659999999996
31.0,0.0,48.766999999999996,114.9,0.0,1.0,0.0,0.0,0.0,14.89385,31.0,4.7188995,6.000051999999999,3.7919699999999996,0.0,1.0,0.0,0.0,1.0,0.0,0.0,0.0,0.6326,0.0,0.1553,0.0,7.0,6.0,42.3895,0.0,0.0,6.0,0.5307126999999999,0.8113779000000001
32.0,1.0,46.952,112.1,0.0,1.0,0.0,0.0,0.0,15.60005,0.0,4.7306695,6.086896,4.51907,0.0,1.0,0.0,0.0,1.0,0.0,0.0,0.0,0.3179,0.0,0.47,0.0001,7.0,6.0,41.387,0.0,0.0,7.0,0.6330956,0.8857048000000001
34.0,1.0,69.293,42.1,0.0,0.0,0.0,0.0,0.0,20.85006,23.0,120.91551000000001,6.1426940000000005,8.080860000000001,0.0,0.0,0.0,1.0,0.0,0.0,0.0,0.0,0.0442,0.0,0.015,0.1211,6.0,5.0,29.1592,0.0,0.0,7.0,0.31124809999999997,0.5444928000000001
35.0,1.0,68.292,28.9,0.0,0.0,0.0,1.0,0.0,17.349829999999997,0.0,30.889197999999997,7.921613000000001,9.10708,0.0,0.0,0.0,0.0,0.0,0.0,1.0,0.0,0.9591,0.0003,0.0006,0.0,6.0,5.0,35.3864,0.0,0.0,3.0,0.07852669999999999,0.156637
36.0,1.0,56.677,87.7,0.0,1.0,0.0,0.0,0.0,12.92779,30.0,221.16817999999998,7.236032000000001,0.937213,1.0,0.0,0.0,0.0,1.0,0.0,0.0,0.0,0.0096,0.0,0.98,0.0,7.0,6.0,51.3985,1.0,0.0,5.0,0.039399699999999996,0.07762519999999999
37.0,0.0,49.043,119.7,0.0,0.0,0.0,0.0,0.0,17.35979,23.0,15.268556,6.224655,15.8977,0.0,0.0,0.0,0.0,1.0,0.0,0.0,0.0,0.9365,0.0,0.0122,0.0001,6.0,6.0,58.7084,0.0,0.0,6.0,0.12019749999999998,0.23330320000000002
40.0,0.0,52.486000000000004,104.1,0.0,1.0,0.0,0.0,0.0,16.32248,31.0,38.577843,7.004853,2.96867,0.0,0.0,0.0,0.0,1.0,0.0,0.0,0.0,0.294,0.0,0.3867,0.0004,7.0,6.0,58.8015,0.0,0.0,6.0,0.6623296999999999,0.8880037000000001
41.0,1.0,72.170488,11.1,0.0,0.0,0.0,0.0,0.0,15.37995,31.0,85.494545,9.094625,1.7795900000000002,0.0,0.0,0.0,0.0,0.0,0.0,0.0,0.0,0.8972,0.0002,0.0182,0.0,8.0,4.0,163.78,0.0,0.0,3.0,0.1875775,0.35839240000000006
42.0,1.0,74.64399999999999,10.5,0.0,0.0,0.0,1.0,0.0,16.174670000000003,40.0,98.529618,8.200313000000001,0.9504969999999999,1.0,0.0,0.0,0.0,0.0,1.0,0.0,0.0,0.7229,0.0001,0.0008,0.0006,6.0,6.0,71.1145,0.0,0.0,7.0,0.4014592,0.7993249
46.0,1.0,56.678000000000004,92.2,0.0,1.0,0.0,0.0,0.0,13.28855,31.0,25.470147,6.828442,0.394821,0.0,0.0,0.0,0.0,1.0,0.0,0.0,0.0,0.0458,0.0,0.9371,0.0,7.0,6.0,132.27200000000002,0.0,0.0,6.0,0.1194535,0.23010010000000003
47.0,0.0,71.963415,14.2,1.0,0.0,0.0,0.0,0.0,11.16939,31.0,94.568,8.302346,0.08357300000000001,1.0,0.0,0.0,0.0,0.0,1.0,0.0,0.0,0.965,0.0,0.0,0.0013,5.0,7.0,135.079,0.0,0.0,2.0,0.0676376,0.1347679
48.0,1.0,67.866,46.4,0.0,0.0,0.0,1.0,0.0,15.787320000000001,44.0,148.69897,7.745234,2.0613900000000003,1.0,0.0,0.0,0.0,0.0,1.0,0.0,0.0,0.8506,0.0,0.0002,0.0002,6.0,6.0,77.5176,0.0,0.0,2.0,0.2542786,0.5079483
50.0,0.0,64.58,62.9,0.0,0.0,0.0,0.0,1.0,17.86577,36.0,57.674634999999995,6.7598720000000005,16.2348,0.0,0.0,0.0,0.0,1.0,0.0,0.0,0.0,0.1332,0.0,0.8598,0.0,6.0,5.0,52.7609,0.0,0.0,5.0,0.2429527,0.4762853
51.0,1.0,63.99,46.1,0.0,0.0,0.0,1.0,0.0,15.474689999999999,0.0,253.61892000000003,7.521453999999999,1.29601,0.0,0.0,0.0,0.0,0.0,0.0,1.0,0.0,0.9671,0.0001,0.0003,0.0001,6.0,6.0,49.7825,0.0,0.0,3.0,0.06366770000000001,0.1271466
53.0,1.0,49.589,92.7,0.0,0.0,0.0,0.0,0.0,14.9512,31.0,30.824861,5.030368,0.0,0.0,0.0,0.0,0.0,1.0,0.0,0.0,0.0,0.4855,0.0,0.4863,0.0,6.0,6.0,56.3772,0.0,0.0,6.0,0.5270068,0.9741179
54.0,1.0,69.47561,14.0,0.0,0.0,0.0,0.0,0.0,14.266060000000001,31.0,37.017551,8.819529,0.0,0.0,0.0,0.0,0.0,0.0,0.0,0.0,0.0,0.4362,0.0011,0.0027,0.0003,6.0,6.0,143.718,0.0,0.0,2.0,0.49645690000000003,0.9808529
55.0,0.0,47.1,120.2,0.0,0.0,0.0,0.0,0.0,17.68851,0.0,48.086515999999996,4.948077,6.43954,0.0,1.0,0.0,0.0,1.0,0.0,0.0,0.0,0.5660000000000001,0.0002,0.32,0.0,6.0,6.0,14.4063,1.0,0.0,7.0,0.5642935,0.8805728999999999
56.0,1.0,65.51,24.3,1.0,0.0,0.0,0.0,0.0,13.498920000000002,31.0,39.881116999999996,7.989078999999999,2.5501,1.0,0.0,1.0,0.0,0.0,0.0,0.0,1.0,0.5689,0.0001,0.0692,0.0,6.0,6.0,129.5,0.0,0.0,6.0,0.5406649,0.9100859
58.0,1.0,76.6,7.4,0.0,0.0,0.0,0.0,0.0,17.88476,41.0,106.85982,10.247060000000001,0.16175,0.0,0.0,0.0,0.0,0.0,0.0,0.0,0.0,0.7864,0.0101,0.0319,0.0054,7.0,5.0,43.8501,0.0,0.0,1.0,0.3528038,0.6249691999999999
59.0,0.0,61.215,60.2,0.0,1.0,0.0,0.0,0.0,13.766539999999999,30.0,3.695471,9.019202,34.6789,0.0,0.0,0.0,0.0,1.0,0.0,0.0,0.0,0.8627,0.0,0.0428,0.0,7.0,6.0,76.8974,0.0,0.0,4.0,0.2449866,0.4481019
60.0,1.0,52.176,82.4,1.0,0.0,0.0,0.0,0.0,13.72865,30.0,90.593676,6.050731,2.68751,0.0,0.0,0.0,0.0,1.0,0.0,0.0,0.0,0.0405,0.0,0.8586,0.0,6.0,6.0,131.485,0.0,0.0,2.0,0.250985,0.45986640000000006
61.0,1.0,70.268,40.8,0.0,0.0,0.0,0.0,0.0,15.38454,31.0,84.012737,7.6907369999999995,0.36756500000000003,0.0,0.0,0.0,0.0,0.0,0.0,0.0,0.0,0.8458,0.0036,0.11,0.0,7.0,4.0,85.6379,0.0,0.0,6.0,0.270861,0.49069830000000003
63.0,0.0,56.755,79.3,1.0,0.0,0.0,0.0,0.0,16.49847,28.0,64.28874,6.390283,4.36304,0.0,0.0,1.0,0.0,1.0,0.0,0.0,0.0,0.5514,0.0,0.1951,0.0,7.0,6.0,42.7282,0.0,0.0,6.0,0.5936316999999999,0.8600109
64.0,1.0,76.939024,9.2,0.0,0.0,0.0,0.0,1.0,16.13758,41.0,79.106222,9.673008,0.243896,0.0,0.0,0.0,0.0,0.0,0.0,0.0,0.0,0.96,0.0006,0.0199,0.0,6.0,6.0,48.7495,0.0,0.0,1.0,0.0776234,0.1505013
65.0,0.0,68.6,18.1,1.0,0.0,0.0,0.0,0.0,11.47505,30.0,283.18529,8.311214,0.0,1.0,0.0,1.0,0.0,0.0,1.0,0.0,0.0,0.8270000000000001,0.0,0.0,0.0,5.0,7.0,105.214,0.0,0.0,2.0,0.286142,0.572284
67.0,0.0,49.949,138.6,0.0,1.0,0.0,0.0,0.0,15.6141,33.0,24.585276,5.988074,18.2613,0.0,0.0,0.0,0.0,1.0,0.0,0.0,0.0,0.0382,0.0,0.6685,0.0008,6.0,6.0,64.517,0.0,0.0,6.0,0.4660916,0.8403199
68.0,1.0,49.071000000000005,132.3,0.0,0.0,1.0,0.0,0.0,13.827720000000001,20.0,35.998578,6.0566580000000005,10.0373,0.0,0.0,0.0,0.0,1.0,0.0,0.0,0.0,0.1196,0.0,0.33,0.0,5.0,6.0,46.9705,0.0,0.0,6.0,0.5738555999999999,0.8870331
69.0,1.0,63.29,46.6,1.0,0.0,0.0,0.0,0.0,13.518870000000001,31.0,3.7760172999999995,6.997414999999999,13.995,0.0,0.0,0.0,0.0,0.0,0.0,1.0,0.0,0.4221,0.0001,0.08,0.0021,5.0,6.0,142.566,0.0,0.0,5.0,0.5697087,0.9310871
70.0,0.0,54.608999999999995,100.3,0.0,1.0,0.0,0.0,0.0,15.775570000000002,44.0,257.61001,6.3996010000000005,0.969877,1.0,0.0,0.0,0.0,0.0,1.0,0.0,0.0,0.915,0.0,0.0003,0.0,6.0,6.0,39.8075,0.0,0.0,4.0,0.15560079999999998,0.3109226
72.0,1.0,69.31560999999999,15.2,0.0,0.0,0.0,0.0,0.0,16.15481,44.0,115.43327,9.051471000000001,1.9747299999999999,0.0,1.0,0.0,0.0,0.0,0.0,0.0,0.0,0.777,0.0096,0.0016,0.0001,8.0,4.0,59.677,0.0,0.0,2.0,0.3513594,0.6802183
73.0,1.0,78.03634100000001,5.0,0.0,0.0,0.0,0.0,0.0,12.44834,31.0,2.5419052000000004,10.62573,0.0,1.0,0.0,0.0,0.0,0.0,0.0,0.0,0.0,0.965,0.0,0.0002,0.0,7.0,6.0,65.9798,0.0,0.0,1.0,0.0675639,0.13504720000000003
74.0,0.0,57.915,88.5,1.0,0.0,0.0,0.0,0.0,20.58416,0.0,292.6599,5.968736,3.5638699999999996,0.0,0.0,1.0,1.0,0.0,0.0,0.0,0.0,0.05,0.0,0.121,0.0071,7.0,5.0,15.239,1.0,0.0,2.0,0.307289,0.5424180999999999
75.0,1.0,63.281000000000006,61.8,0.0,0.0,0.0,0.0,0.0,19.01642,0.0,100.15446,6.776742,12.5712,1.0,0.0,0.0,1.0,0.0,0.0,0.0,0.0,0.1077,0.0,0.8420000000000001,0.01,6.0,6.0,49.0619,0.0,0.0,6.0,0.2777126,0.496096
76.0,1.0,63.828,43.7,0.0,0.0,0.0,0.0,0.0,17.84489,0.0,34.520853,7.688302999999999,20.9494,0.0,0.0,0.0,1.0,0.0,0.0,0.0,0.0,0.0034,0.0003,0.9742,0.0,7.0,5.0,37.6592,0.0,1.0,6.0,0.0504343,0.0999005
77.0,1.0,66.118,42.2,0.0,0.0,0.0,0.0,1.0,16.67594,0.0,39.941022,7.244378,32.5583,0.0,0.0,0.0,1.0,0.0,0.0,0.0,0.0,0.022000000000000002,0.0,0.96,0.0,6.0,6.0,15.1263,0.0,1.0,7.0,0.077592,0.1506221
78.0,1.0,74.80909799999999,7.7,1.0,0.0,0.0,0.0,0.0,15.07226,45.0,51.008477,10.02962,0.514517,1.0,0.0,1.0,0.0,0.0,0.0,0.0,0.0,0.9461,0.0004,0.0021,0.0,5.0,6.0,108.742,0.0,0.0,1.0,0.1022483,0.2030276
79.0,1.0,76.60731700000001,9.7,0.0,0.0,0.0,0.0,1.0,15.354529999999999,0.0,215.34196,9.677633,0.029949,0.0,0.0,1.0,1.0,0.0,0.0,0.0,0.0,0.0246,0.7901,0.1745,0.0,6.0,6.0,80.0758,0.0,0.0,2.0,0.34457,0.6274964
80.0,1.0,76.970732,8.4,0.0,0.0,0.0,0.0,0.0,17.853620000000003,45.0,192.85043000000002,10.178560000000001,0.15162799999999999,0.0,0.0,0.0,0.0,0.0,0.0,0.0,0.0,0.8441,0.0007,0.0104,0.0001,8.0,5.0,37.9898,0.0,0.0,1.0,0.26644840000000003,0.5163814999999999
81.0,1.0,72.065,25.5,1.0,0.0,0.0,0.0,0.0,14.70103,32.0,223.84506000000002,8.237281,6.43602,1.0,0.0,1.0,0.0,0.0,0.0,1.0,0.0,0.7047,0.0002,0.0012,0.0001,7.0,6.0,99.9402,0.0,0.0,2.0,0.41707799999999995,0.8304246999999999
82.0,1.0,78.83682900000001,4.6,0.0,0.0,0.0,0.0,0.0,18.63205,45.0,338.82885,10.37703,0.042233,1.0,0.0,0.0,1.0,0.0,0.0,0.0,0.0,0.03,0.0,0.0013,0.7462,6.0,6.0,19.6672,0.0,0.0,1.0,0.3927776,0.7227412
83.0,1.0,69.872,29.8,0.0,0.0,0.0,0.0,1.0,15.085429999999999,42.0,40.351110999999996,7.459786,0.22821999999999998,0.0,0.0,0.0,1.0,0.0,0.0,0.0,0.0,0.0312,0.0,0.9494,0.0,6.0,6.0,154.645,0.0,0.0,5.0,0.0972898,0.1876839
84.0,1.0,68.336585,44.6,0.0,0.0,0.0,0.0,0.0,16.60962,31.0,6.055487599999999,8.019674,13.1405,0.0,1.0,0.0,1.0,0.0,0.0,0.0,0.0,0.2818,0.0009,0.47,0.0011,7.0,3.0,149.33700000000002,0.0,0.0,5.0,0.6390723,0.8792133
85.0,1.0,57.536,65.9,1.0,0.0,0.0,0.0,0.0,16.96835,30.0,41.119069,6.455319,3.5049099999999997,0.0,0.0,1.0,0.0,1.0,0.0,0.0,0.0,0.7851,0.0001,0.0699,0.0,6.0,6.0,57.0209,0.0,0.0,6.0,0.357736,0.6198347
86.0,0.0,60.371,69.2,1.0,0.0,0.0,0.0,0.0,11.19013,31.0,89.397531,7.034657000000001,0.0,1.0,0.0,1.0,0.0,1.0,0.0,0.0,0.0,0.97,0.0,0.0,0.0001,6.0,7.0,158.875,0.0,0.0,1.0,0.058205999999999994,0.1163772
88.0,1.0,72.079,15.1,1.0,0.0,0.0,0.0,0.0,14.557260000000001,0.0,117.82351000000001,9.607008,37.4538,0.0,0.0,0.0,1.0,0.0,0.0,0.0,0.0,0.0472,0.0,0.8968,0.0,8.0,4.0,103.01100000000001,0.0,1.0,7.0,0.1903859,0.3523268
89.0,1.0,68.297561,54.6,0.0,0.0,0.0,0.0,0.0,15.295110000000001,31.0,22.894682,6.548623,0.9614879999999999,0.0,1.0,0.0,1.0,0.0,0.0,0.0,0.0,0.1083,0.0012,0.7229,0.0041,7.0,3.0,78.7537,0.0,0.0,5.0,0.4389362,0.7105859999999999
90.0,0.0,53.589,106.1,0.0,1.0,0.0,0.0,0.0,15.264420000000001,0.0,18.450919,5.554542,11.8025,0.0,1.0,0.0,1.0,0.0,0.0,0.0,0.0,0.0253,0.0,0.0043,0.51,6.0,5.0,35.8472,0.0,0.0,6.0,0.5272733000000001,0.9698773
92.0,1.0,70.222,26.9,0.0,0.0,0.0,0.0,1.0,14.80988,0.0,264.22444,8.13138,0.056672,0.0,0.0,0.0,1.0,0.0,0.0,0.0,0.0,0.4697,0.0,0.5303,0.0,7.0,5.0,117.917,0.0,0.0,6.0,0.4981638,0.9963276
93.0,0.0,59.206,71.2,1.0,0.0,0.0,0.0,0.0,14.287970000000001,31.0,52.830631999999994,6.217985,2.74063,0.0,1.0,0.0,0.0,1.0,0.0,0.0,0.0,0.9044,0.0,0.0005,0.0,5.0,7.0,141.319,0.0,0.0,6.0,0.1730164,0.3455167
94.0,0.0,47.183,173.7,0.0,0.0,0.0,0.0,0.0,14.55613,0.0,21.773588,5.291475,38.8586,0.0,0.0,1.0,0.0,1.0,0.0,0.0,0.0,0.36,0.0,0.18,0.0,6.0,6.0,99.0529,0.0,0.0,7.0,0.6264,0.8951040000000001
95.0,1.0,68.52199999999999,35.7,0.0,0.0,0.0,0.0,1.0,15.30541,39.0,2.5214891,8.844742,33.6472,0.0,0.0,0.0,0.0,1.0,0.0,0.0,0.0,0.0241,0.0,0.97,0.0012,6.0,6.0,70.7978,0.0,1.0,7.0,0.0584957,0.11526889999999998
96.0,1.0,71.160732,12.0,0.0,0.0,0.0,0.0,0.0,15.12326,31.0,58.995501000000004,8.813744,0.015594,0.0,0.0,0.0,0.0,0.0,0.0,0.0,0.0,0.8541,0.0015,0.002,0.0002,8.0,4.0,112.76100000000001,0.0,0.0,2.0,0.2502861,0.4951354
97.0,1.0,75.01041500000001,7.3,0.0,0.0,0.0,0.0,0.0,12.852780000000001,45.0,147.41899999999998,10.80689,0.0,0.0,1.0,0.0,0.0,0.0,0.0,0.0,0.0,0.9235,0.0018,0.0102,0.0,7.0,6.0,189.761,0.0,0.0,1.0,0.1428802,0.27696529999999997
98.0,0.0,71.152,33.1,0.0,0.0,0.0,0.0,1.0,14.506770000000001,31.0,78.498938,7.9656839999999995,0.0,0.0,1.0,0.0,0.0,0.0,0.0,0.0,0.0,0.6195,0.0005,0.3354,0.0,8.0,4.0,61.6768,0.0,0.0,3.0,0.5017372,0.8907681000000001
99.0,0.0,51.003,97.7,0.0,1.0,0.0,0.0,0.0,16.2664,30.0,19.944687,5.794261,4.41295,1.0,0.0,0.0,0.0,1.0,0.0,0.0,0.0,0.5266,0.0,0.0214,0.0003,7.0,5.0,44.6293,0.0,0.0,4.0,0.5182015,0.9743875
101.0,1.0,70.727,14.3,1.0,0.0,0.0,0.0,0.0,16.70801,23.0,54.902818,8.054242,17.0665,0.0,0.0,1.0,1.0,0.0,0.0,0.0,0.0,0.08,0.0,0.586,0.182,7.0,6.0,146.964,1.0,0.0,5.0,0.5939760000000001,0.7789661999999999
103.0,0.0,45.746,130.1,0.0,1.0,0.0,0.0,0.0,15.95147,0.0,6.9375982,5.8149809999999995,2.43365,0.0,1.0,0.0,0.0,1.0,0.0,0.0,0.0,0.0191,0.0,0.8783,0.0,6.0,6.0,50.876999999999995,0.0,0.0,6.0,0.2176975,0.41474099999999997
104.0,1.0,75.935683,10.0,1.0,0.0,0.0,0.0,0.0,12.77753,31.0,1106.7813,9.177732,0.0,1.0,0.0,0.0,0.0,0.0,0.0,0.0,0.0,0.9891,0.0001,0.0035,0.0,7.0,6.0,164.484,0.0,0.0,1.0,0.0216156,0.0429152
105.0,0.0,58.415,71.6,0.0,1.0,0.0,0.0,0.0,14.523610000000001,27.0,1.9696711,6.455457,11.5664,0.0,0.0,0.0,0.0,1.0,0.0,0.0,0.0,0.0045,0.0,0.985,0.0,6.0,6.0,106.374,0.0,0.0,7.0,0.0296445,0.0587305
106.0,1.0,69.404878,19.8,0.0,1.0,0.0,0.0,0.0,13.872620000000001,31.0,521.5640400000001,8.052333,0.042062,1.0,0.0,0.0,0.0,1.0,0.0,0.0,0.0,0.3322,0.0,0.1653,0.0025,7.0,6.0,137.112,0.0,0.0,2.0,0.6123128000000001,0.8860398000000002
108.0,1.0,67.643,27.5,0.0,0.0,0.0,0.0,1.0,15.122760000000001,31.0,128.74909,7.242871000000001,0.0,0.0,1.0,0.0,0.0,0.0,0.0,0.0,0.0,0.9481,0.0116,0.0073,0.0,7.0,4.0,98.7827,0.0,0.0,5.0,0.0998295,0.1915662
109.0,1.0,60.268,76.9,0.0,0.0,0.0,0.0,0.0,14.596739999999999,45.0,1.4058968,6.89013,7.782610000000001,0.0,1.0,0.0,1.0,0.0,0.0,0.0,0.0,0.0101,0.0,0.0429,0.41600000000000004,7.0,3.0,58.6219,0.0,0.0,4.0,0.5430406,0.9406674
111.0,0.0,42.915,159.4,0.0,0.0,1.0,0.0,0.0,16.39933,0.0,16.846370999999998,5.228262,8.60447,0.0,0.0,0.0,0.0,1.0,0.0,0.0,0.0,0.3805,0.0,0.16,0.0,7.0,5.0,44.2422,0.0,0.0,6.0,0.6184795,0.9012667
112.0,0.0,61.538999999999994,49.0,1.0,0.0,0.0,0.0,0.0,14.162420000000001,31.0,1.7183398,7.900764,12.1538,0.0,0.0,1.0,0.0,1.0,0.0,0.0,0.0,0.9231,0.0012,0.0001,0.0,5.0,7.0,119.322,0.0,0.0,2.0,0.1421696,0.2832491
114.0,1.0,76.878049,6.8,0.0,0.0,0.0,0.0,0.0,16.52032,44.0,442.87647999999996,10.33334,1.32362,0.0,0.0,0.0,0.0,0.0,0.0,0.0,0.0,0.7588,0.0017,0.0356,0.0032,6.0,6.0,109.09899999999999,0.0,0.0,1.0,0.3826616,0.6892362
116.0,1.0,64.169,50.9,0.0,0.0,0.0,1.0,0.0,15.23731,0.0,34.440459999999995,6.841246000000001,10.1087,0.0,0.0,0.0,0.0,0.0,0.0,1.0,0.0,0.9602,0.0001,0.0002,0.0011,5.0,6.0,71.2908,0.0,0.0,3.0,0.0765401,0.1524566
117.0,1.0,43.54,132.0,0.0,1.0,0.0,0.0,0.0,15.896560000000001,31.0,6.3257764000000005,5.601701,2.85148,0.0,1.0,0.0,0.0,1.0,0.0,0.0,0.0,0.0085,0.0,0.9016,0.0,7.0,6.0,36.9707,0.0,0.0,6.0,0.17896320000000002,0.34965890000000005
118.0,1.0,45.898,125.6,1.0,0.0,0.0,0.0,0.0,18.372220000000002,25.0,104.60378,6.82242,47.4765,0.0,0.0,1.0,0.0,1.0,0.0,0.0,0.0,0.45799999999999996,0.0,0.4461,0.0001,6.0,6.0,72.2405,1.0,1.0,5.0,0.5820531,0.9288780000000001
119.0,1.0,76.537317,7.0,0.0,0.0,0.0,0.0,0.0,15.260420000000002,45.0,11.612711000000001,10.72522,10.865,0.0,0.0,0.0,0.0,0.0,0.0,0.0,0.0,0.9006,0.0002,0.0033,0.0066,6.0,6.0,73.9275,0.0,0.0,1.0,0.18089070000000002,0.3517517
120.0,1.0,67.181,31.8,0.0,0.0,1.0,0.0,0.0,14.410029999999999,37.0,5.8551212,9.257285000000001,42.23,0.0,0.0,0.0,1.0,0.0,0.0,0.0,0.0,0.0467,0.0,0.8553,0.0065,6.0,6.0,74.8292,0.0,0.0,6.0,0.2578665,0.4623231
121.0,1.0,60.05,106.4,1.0,0.0,0.0,0.0,0.0,18.49466,0.0,139.68272,6.367379,3.5630800000000002,0.0,0.0,1.0,1.0,0.0,0.0,0.0,0.0,0.0341,0.0,0.9487,0.0007,7.0,5.0,38.9095,1.0,0.0,4.0,0.0985328,0.1902521
122.0,0.0,72.987,25.6,0.0,0.0,0.0,1.0,0.0,14.720139999999999,44.0,33.239292,8.0369,0.485691,0.0,0.0,0.0,0.0,0.0,1.0,0.0,0.0,0.956,0.0005,0.0146,0.0051,6.0,6.0,165.38400000000001,0.0,0.0,4.0,0.0852581,0.1640093
123.0,1.0,58.865,64.1,1.0,0.0,0.0,0.0,0.0,15.27716,0.0,9.524045,6.916144,45.1362,1.0,0.0,0.0,0.0,0.0,0.0,0.0,1.0,0.9501,0.0001,0.0002,0.0015,6.0,6.0,89.5715,0.0,0.0,2.0,0.0949941,0.1889954
124.0,1.0,68.014,36.3,0.0,0.0,0.0,1.0,0.0,15.253860000000001,42.0,10.605945,7.216341000000001,3.36174,0.0,1.0,0.0,0.0,0.0,0.0,1.0,0.0,0.9819,0.0006,0.0,0.0015,6.0,6.0,72.7405,0.0,0.0,4.0,0.0356138,0.07082089999999999
125.0,1.0,65.541,57.0,0.0,0.0,0.0,1.0,0.0,16.89864,0.0,17.052077,7.563925,9.78176,0.0,0.0,0.0,0.0,0.0,0.0,1.0,0.0,0.9897,0.0002,0.0,0.0003,5.0,6.0,29.598000000000003,0.0,0.0,3.0,0.0203977,0.0407366
126.0,1.0,65.256,40.5,0.0,0.0,0.0,1.0,0.0,17.9418,0.0,207.75849,6.910264,2.22729,1.0,0.0,0.0,1.0,0.0,0.0,0.0,0.0,0.927,0.0,0.046,0.001,4.0,6.0,60.8003,0.0,0.0,3.0,0.137878,0.2616364
127.0,1.0,70.890244,15.1,0.0,0.0,0.0,0.0,0.0,17.45601,45.0,124.42712,8.472944,1.68398,0.0,0.0,0.0,0.0,0.0,0.0,0.0,0.0,0.972,0.0001,0.0001,0.0,6.0,6.0,45.857,0.0,0.0,2.0,0.0544431,0.1088213
129.0,1.0,74.984,17.8,1.0,0.0,0.0,0.0,0.0,13.074110000000001,31.0,41.037468,10.39529,43.5477,0.0,0.0,0.0,1.0,0.0,0.0,0.0,0.0,0.071,0.0,0.8572,0.0185,6.0,6.0,78.6499,0.0,1.0,7.0,0.256984,0.45054700000000003
130.0,1.0,69.74122,24.4,0.0,0.0,0.0,0.0,1.0,16.95974,44.0,101.16344000000001,8.193721,7.49372,0.0,0.0,0.0,0.0,0.0,0.0,0.0,0.0,0.9127,0.0004,0.002,0.0,8.0,4.0,42.9071,0.0,0.0,6.0,0.1597665,0.3172919
131.0,0.0,68.886098,18.5,0.0,0.0,0.0,0.0,0.0,18.81469,0.0,9.0477396,8.651821,18.2943,0.0,0.0,0.0,1.0,0.0,0.0,0.0,0.0,0.2437,0.0101,0.1014,0.002,7.0,3.0,36.1068,1.0,0.0,5.0,0.5170305000000001,0.8074116
132.0,0.0,34.217,92.6,0.0,0.0,0.0,0.0,0.0,15.79455,0.0,293.30352999999997,5.424894999999999,2.30127,0.0,1.0,0.0,0.0,1.0,0.0,0.0,0.0,0.7941,0.0,0.0774,0.0,8.0,6.0,19.6842,0.0,0.0,6.0,0.3469022,0.5990279000000001
133.0,0.0,64.851,25.4,0.0,0.0,0.0,0.0,0.0,12.000680000000001,31.0,57.549822999999996,7.376797,3.2563400000000002,1.0,0.0,0.0,0.0,0.0,0.0,0.0,1.0,0.9726,0.0,0.0002,0.0001,7.0,6.0,72.7679,0.0,0.0,2.0,0.0533148,0.1065344
134.0,0.0,69.017,35.6,0.0,0.0,0.0,0.0,1.0,16.608320000000003,44.0,7.5949625,9.455876,43.3413,0.0,0.0,1.0,1.0,0.0,0.0,0.0,0.0,0.0339,0.0,0.9485,0.0036,6.0,6.0,72.2313,0.0,1.0,7.0,0.09898960000000001,0.190594
136.0,0.0,68.10731700000001,14.4,1.0,0.0,0.0,0.0,0.0,11.14918,31.0,151.10217,9.057555,0.0,1.0,0.0,0.0,0.0,1.0,0.0,0.0,0.0,0.9707,0.0,0.0023,0.0,5.0,6.0,129.226,0.0,0.0,6.0,0.0570072,0.1132911
137.0,0.0,37.348,155.4,1.0,0.0,0.0,0.0,0.0,15.27697,31.0,59.742948,6.23128,12.5428,0.0,0.0,0.0,0.0,1.0,0.0,0.0,0.0,0.1131,0.0,0.45,0.0,7.0,7.0,46.2159,0.0,0.0,6.0,0.5938268,0.9208212
138.0,1.0,75.29512199999999,6.2,1.0,0.0,0.0,0.0,0.0,14.92971,32.0,4547.9582,9.724480999999999,0.0,1.0,0.0,1.0,1.0,0.0,0.0,0.0,0.0,0.1167,0.0002,0.183,0.15,6.0,6.0,344.83,0.0,0.0,4.0,0.627782,0.7786375
139.0,1.0,70.932683,12.6,0.0,0.0,0.0,0.0,0.0,15.48306,31.0,110.17021000000001,8.805050999999999,0.263515,0.0,1.0,0.0,0.0,0.0,0.0,0.0,0.0,0.7269,0.0002,0.0,0.0,8.0,4.0,62.0863,0.0,0.0,3.0,0.39714190000000005,0.7938078000000001
141.0,0.0,56.638000000000005,31.2,1.0,0.0,0.0,0.0,0.0,12.65025,31.0,11.141122,6.8936020000000005,6.974410000000001,1.0,0.0,0.0,0.0,0.0,0.0,0.0,1.0,0.95,0.0,0.0014,0.0033,5.0,6.0,94.7451,0.0,0.0,1.0,0.09543510000000001,0.1883878
142.0,1.0,45.375,108.2,0.0,0.0,0.0,0.0,0.0,15.816629999999998,0.0,11.791607,6.022974,6.9842699999999995,0.0,0.0,0.0,0.0,1.0,0.0,0.0,0.0,0.0007,0.0,0.9942,0.0,6.0,6.0,47.5282,0.0,0.0,7.0,0.0115399,0.023037099999999998
143.0,1.0,62.062,46.9,1.0,0.0,0.0,0.0,0.0,17.44146,22.0,30.962685999999998,8.486073,3.8694900000000003,0.0,0.0,1.0,0.0,1.0,0.0,0.0,0.0,0.7787,0.0031,0.0118,0.0018,5.0,7.0,42.9994,1.0,0.0,5.0,0.351613,0.6705491
145.0,0.0,69.51100000000001,18.1,1.0,0.0,0.0,0.0,0.0,16.66793,0.0,276.34688,6.676878,1.50043,1.0,0.0,1.0,1.0,0.0,0.0,0.0,0.0,0.0773,0.0,0.0883,0.6856,8.0,5.0,68.2439,0.0,0.0,4.0,0.494039,0.717006
147.0,1.0,71.108,18.6,1.0,0.0,0.0,0.0,0.0,11.83635,31.0,226.53278999999998,8.497351,0.0,1.0,0.0,0.0,0.0,0.0,1.0,0.0,0.0,0.9854,0.0,0.0,0.0,5.0,7.0,156.725,0.0,0.0,1.0,0.028773700000000003,0.057547400000000005
149.0,0.0,55.5,82.1,1.0,0.0,0.0,0.0,0.0,16.8186,0.0,10.846378,6.2975959999999995,2.4386099999999997,0.0,0.0,0.0,0.0,1.0,0.0,0.0,0.0,0.1605,0.0,0.6751,0.0,6.0,6.0,11.0874,0.0,0.0,7.0,0.4914524,0.7691449
150.0,1.0,67.393,40.9,0.0,0.0,0.0,0.0,0.0,12.91773,30.0,2.612,8.253739999999999,25.4746,0.0,0.0,0.0,0.0,0.0,0.0,1.0,0.0,0.5855,0.0013,0.1619,0.0035,7.0,6.0,86.4924,0.0,0.0,4.0,0.5695593000000001,0.8410617
