id,y,x1,x2,x3,x4,x5,x6,x7,x8,x9,x10,x11,x12,x13,x14,x15,x16,x17,x18,x19,x20,x21,x22,x23,x24,x25,x26,x27,x28,x29,x30,x31,x32
1,-0.8526672279999999,49.856,118.8,1,0,0,0,0,16.32096,0,18.762237,6.162105,9.39728,0,1,0,1,0,0,0,0,0.0004,0.0,0.9709,0.0003,6,6,24.7138,0,0,7,0.056546400000000004,0.1128597
3,5.95119907,66.725,41.8,0,1,0,0,0,17.07023,27,10.879595,7.85423,12.9768,0,0,0,0,1,0,0,0,0.0051,0.0,0.965,0.0,6,6,48.3807,0,1,4,0.067855,0.1339441
4,-2.030599328,41.696000000000005,132.0,0,0,1,0,0,16.3146,0,9.7629269,7.545124,30.4279,0,0,0,0,1,0,0,0,0.9289,0.0,0.0091,0.0001,6,4,59.841,0,0,7,0.1332304,0.260102
5,-6.143410482999999,71.351,24.2,1,0,0,0,0,11.1079,31,151.58182,9.20704,0.0,1,0,1,0,0,0,1,0,0.8028,0.0,0.0051,0.0,5,7,175.925,0,0,3,0.3185837,0.6277294
7,0.174651401,67.87899999999999,42.3,0,0,0,0,1,15.079120000000001,31,124.27696,7.091951,0.0,0,1,0,0,0,0,0,0,0.8748,0.0002,0.0022,0.0001,7,3,81.3357,0,0,5,0.21966479999999997,0.43610129999999997
9,0.168218862,75.56829300000001,8.0,0,0,0,0,0,15.85385,45,92.974691,10.2731,0.44764499999999996,0,1,0,0,0,0,0,0,0.8324,0.0009,0.0204,0.0,8,4,73.9691,1,0,1,0.2852896,0.5392365
10,3.0727437760000003,64.827,75.9,0,0,0,0,0,15.783879999999998,31,86.028095,7.4281369999999995,23.3367,0,1,0,0,0,0,0,0,0.0389,0.0031,0.9,0.0,7,3,83.0969,0,0,5,0.1851132,0.3425313
11,-0.7301548459999999,70.705,19.6,1,0,0,0,0,12.454239999999999,31,25.607992000000003,9.985868,0.117247,1,0,1,0,0,1,0,0,0.8222,0.0016,0.0,0.0,6,6,110.12,0,0,2,0.2929382,0.5830948
12,2.4146915769999997,72.39,19.6,1,0,0,0,0,13.114189999999999,31,718.74058,9.66117,37.6808,1,0,0,1,0,0,0,0,0.0526,0.0005,0.8635,0.0002,6,6,210.16099999999997,0,0,6,0.2446785,0.4429865
14,-5.510572666,71.383,16.0,1,0,0,0,0,12.46987,31,605.52093,9.455229,0.592806,1,0,1,0,0,1,0,0,0.6894,0.0001,0.0042,0.0004,6,6,100.831,0,0,1,0.43113500000000005,0.8503504000000001
15,0.26529449899999996,70.836585,12.2,0,0,0,0,0,16.13682,31,50.23171,7.7526660000000005,1.6923400000000002,0,1,0,0,0,0,0,0,0.6964,0.0029,0.0015,0.0001,5,6,89.6074,0,0,4,0.4255556,0.8398061
16,-0.060744930999999995,76.051951,8.3,0,0,0,0,0,16.114829999999998,45,325.89799999999997,10.255289999999999,0.000295,0,0,0,0,0,0,0,0,0.8524,0.0032,0.0316,0.002,6,6,132.332,1,0,1,0.2601248,0.4765666
17,3.152170154,71.24600000000001,31.3,1,0,0,0,0,12.141810000000001,31,8.2223586,7.922650999999999,0.9136280000000001,0,0,1,0,0,1,0,0,0.8673,0.0111,0.0053,0.0032,6,6,122.285,0,0,1,0.2348376,0.4452922
18,-2.339982027,53.812,107.1,0,1,0,0,0,15.420639999999999,31,44.151259,6.186163,5.2782,0,0,0,0,1,0,0,0,0.2758,0.0,0.1836,0.0,7,6,40.6187,0,0,6,0.5979770000000001,0.8674625
19,-1.847126209,52.879,89.6,1,0,0,0,0,13.194270000000001,45,11.499262,6.426776,20.836,0,1,1,1,0,0,0,0,0.0092,0.0,0.0103,0.7376,4,7,61.2636,0,0,6,0.39675509999999997,0.7504711
20,1.437287279,55.104,85.3,0,0,0,1,0,15.740670000000001,42,6.3290354,6.716951,10.6626,0,1,0,0,0,0,1,0,0.9543,0.0004,0.0002,0.0007,6,6,46.7033,0,0,2,0.0873395,0.1740119
22,-4.051502724,61.905,39.5,1,0,0,0,0,14.136079999999998,31,2.4313377,8.226801,1.5331,0,1,1,0,1,0,0,0,0.5421,0.0002,0.0018,0.0,5,7,104.84700000000001,0,0,1,0.4982795,0.9906232
23,0.78780266,65.3,52.6,0,0,1,0,0,18.821820000000002,45,17.869065,8.304753,2.48925,0,0,0,0,0,0,1,0,0.9538,0.0006,0.0003,0.0016,7,4,15.1618,1,0,2,0.0883529,0.1754359
24,2.333935847,71.641463,14.6,0,0,0,0,1,15.980929999999999,45,78.80583,8.063782000000002,0.8043640000000001,0,0,0,0,0,0,0,0,0.7657,0.0005,0.1235,0.0,7,4,69.8471,0,0,3,0.38628490000000004,0.6462491
26,0.235405637,48.053000000000004,105.4,0,0,0,0,0,15.504760000000001,30,210.88065,5.357094,9.320689999999999,0,1,0,0,1,0,0,0,0.8962,0.0,0.0194,0.0,7,6,35.6481,0,0,7,0.1893258,0.3610429
28,-2.114191434,53.595,84.7,0,1,0,0,0,16.00977,0,50.834703999999995,5.4447410000000005,20.3918,0,0,0,0,1,0,0,0,0.011000000000000001,0.0,0.0233,0.8466,6,5,13.5338,0,0,7,0.26841970000000004,0.49236769999999996
29,-1.433517799,52.208999999999996,86.0,0,1,0,0,0,16.2764,28,24.783097,6.877133000000001,11.3311,0,0,0,0,1,0,0,0,0.5258,0.0,0.212,0.0,7,6,37.4964,0,0,6,0.6098415,0.8689551
31,-1.58985359,48.766999999999996,114.9,0,1,0,0,0,14.89385,31,4.7188995,6.000051999999999,3.7919699999999996,0,1,0,0,1,0,0,0,0.6326,0.0,0.1553,0.0,7,6,42.3895,0,0,6,0.5307126999999999,0.8113779000000001
32,-1.854427145,46.952,112.1,0,1,0,0,0,15.60005,0,4.7306695,6.086896,4.51907,0,1,0,0,1,0,0,0,0.3179,0.0,0.47,0.0001,7,6,41.387,0,0,7,0.6330956,0.8857048000000001
33,3.3240249669999997,73.68,16.1,0,0,0,1,0,16.39891,44,17.809767,8.303574000000001,11.8951,0,0,0,0,0,0,1,0,0.943,0.0007,0.0002,0.0001,6,6,64.5357,0,0,2,0.1076145,0.21459250000000002
35,-1.01934141,68.292,28.9,0,0,0,1,0,17.349829999999997,0,30.889197999999997,7.921613000000001,9.10708,0,0,0,0,0,0,1,0,0.9591,0.0003,0.0006,0.0,6,5,35.3864,0,0,3,0.07852669999999999,0.156637
37,0.8319423229999999,49.043,119.7,0,0,0,0,0,17.35979,23,15.268556,6.224655,15.8977,0,0,0,0,1,0,0,0,0.9365,0.0,0.0122,0.0001,6,6,58.7084,0,0,6,0.12019749999999998,0.23330320000000002
40,-3.888366134,52.486000000000004,104.1,0,1,0,0,0,16.32248,31,38.577843,7.004853,2.96867,0,0,0,0,1,0,0,0,0.294,0.0,0.3867,0.0004,7,6,58.8015,0,0,6,0.6623296999999999,0.8880037000000001
41,1.181908773,72.170488,11.1,0,0,0,0,0,15.37995,31,85.494545,9.094625,1.7795900000000002,0,0,0,0,0,0,0,0,0.8972,0.0002,0.0182,0.0,8,4,163.78,0,0,3,0.1875775,0.35839240000000006
42,-0.756714223,74.64399999999999,10.5,0,0,0,1,0,16.174670000000003,40,98.529618,8.200313000000001,0.9504969999999999,1,0,0,0,0,1,0,0,0.7229,0.0001,0.0008,0.0006,6,6,71.1145,0,0,7,0.4014592,0.7993249
43,-3.20550927,76.554,9.9,1,0,0,0,0,13.54974,30,82.966883,9.76026,0.043762,1,0,0,0,0,0,0,0,0.7426,0.0002,0.19,0.0,6,6,108.60799999999999,0,0,1,0.40792940000000005,0.7015915
44,2.6132786340000003,71.383902,10.3,0,0,0,0,0,16.15089,31,133.73049,9.243958000000001,0.078709,0,1,0,0,0,0,0,0,0.2978,0.0007,0.0001,0.001,8,4,78.2285,0,0,6,0.4207535,0.8369913
45,0.644396093,74.805366,7.3,0,0,0,0,0,15.45275,45,121.27716000000001,10.51862,0.78581,0,0,0,0,0,0,0,0,0.9294,0.0013,0.0107,0.0022,6,6,69.7077,0,0,1,0.13291370000000002,0.256418
47,1.250535838,71.963415,14.2,1,0,0,0,0,11.16939,31,94.568,8.302346,0.08357300000000001,1,0,0,0,0,1,0,0,0.965,0.0,0.0,0.0013,5,7,135.079,0,0,2,0.0676376,0.1347679
49,0.757518265,68.99,42.4,0,0,0,1,0,16.139670000000002,45,36.909735,7.8721570000000005,21.6567,0,0,0,0,0,0,1,0,0.9621,0.0001,0.0,0.0001,6,6,64.9792,0,0,2,0.0729423,0.1457974
51,2.601313723,63.99,46.1,0,0,0,1,0,15.474689999999999,0,253.61892000000003,7.521453999999999,1.29601,0,0,0,0,0,0,1,0,0.9671,0.0001,0.0003,0.0001,6,6,49.7825,0,0,3,0.06366770000000001,0.1271466
52,3.214948895,48.239,121.0,0,0,0,1,0,12.96418,31,15.217326000000002,7.015221,12.5787,0,0,0,0,1,0,0,0,0.9155,0.0,0.02,0.0,7,5,101.745,0,0,7,0.15729949999999998,0.300427
53,-1.5572974290000001,49.589,92.7,0,0,0,0,0,14.9512,31,30.824861,5.030368,0.0,0,0,0,0,1,0,0,0,0.4855,0.0,0.4863,0.0,6,6,56.3772,0,0,6,0.5270068,0.9741179
54,-0.233508181,69.47561,14.0,0,0,0,0,0,14.266060000000001,31,37.017551,8.819529,0.0,0,0,0,0,0,0,0,0,0.4362,0.0011,0.0027,0.0003,6,6,143.718,0,0,2,0.49645690000000003,0.9808529
55,-1.34011767,47.1,120.2,0,0,0,0,0,17.68851,0,48.086515999999996,4.948077,6.43954,0,1,0,0,1,0,0,0,0.5660000000000001,0.0002,0.32,0.0,6,6,14.4063,1,0,7,0.5642935,0.8805728999999999
57,0.211639065,74.813171,5.5,0,0,0,0,0,15.422229999999999,45,16.370960999999998,10.26795,1.0392700000000001,0,0,0,0,0,0,0,0,0.89,0.0003,0.0016,0.0004,6,6,46.6143,0,0,1,0.1962979,0.38993540000000004
58,-0.842662493,76.6,7.4,0,0,0,0,0,17.88476,41,106.85982,10.247060000000001,0.16175,0,0,0,0,0,0,0,0,0.7864,0.0101,0.0319,0.0054,7,5,43.8501,0,0,1,0.3528038,0.6249691999999999
59,0.710660161,61.215,60.2,0,1,0,0,0,13.766539999999999,30,3.695471,9.019202,34.6789,0,0,0,0,1,0,0,0,0.8627,0.0,0.0428,0.0,7,6,76.8974,0,0,4,0.2449866,0.4481019
60,2.746908593,52.176,82.4,1,0,0,0,0,13.72865,30,90.593676,6.050731,2.68751,0,0,0,0,1,0,0,0,0.0405,0.0,0.8586,0.0,6,6,131.485,0,0,2,0.250985,0.45986640000000006
61,2.468423109,70.268,40.8,0,0,0,0,0,15.38454,31,84.012737,7.6907369999999995,0.36756500000000003,0,0,0,0,0,0,0,0,0.8458,0.0036,0.11,0.0,7,4,85.6379,0,0,6,0.270861,0.49069830000000003
63,1.426855737,56.755,79.3,1,0,0,0,0,16.49847,28,64.28874,6.390283,4.36304,0,0,1,0,1,0,0,0,0.5514,0.0,0.1951,0.0,7,6,42.7282,0,0,6,0.5936316999999999,0.8600109
64,0.89352177,76.939024,9.2,0,0,0,0,1,16.13758,41,79.106222,9.673008,0.243896,0,0,0,0,0,0,0,0,0.96,0.0006,0.0199,0.0,6,6,48.7495,0,0,1,0.0776234,0.1505013
65,0.071749649,68.6,18.1,1,0,0,0,0,11.47505,30,283.18529,8.311214,0.0,1,0,1,0,0,1,0,0,0.8270000000000001,0.0,0.0,0.0,5,7,105.214,0,0,2,0.286142,0.572284
66,2.147875306,62.261,60.1,0,0,0,1,0,16.041629999999998,0,86.44842299999999,7.444263,2.7813,0,0,0,0,0,0,1,0,0.9254,0.0001,0.0001,0.0002,6,6,45.8695,0,0,3,0.1381291,0.2759281
68,0.810507153,49.071000000000005,132.3,0,0,1,0,0,13.827720000000001,20,35.998578,6.0566580000000005,10.0373,0,0,0,0,1,0,0,0,0.1196,0.0,0.33,0.0,5,6,46.9705,0,0,6,0.5738555999999999,0.8870331
69,0.792778808,63.29,46.6,1,0,0,0,0,13.518870000000001,31,3.7760172999999995,6.997414999999999,13.995,0,0,0,0,0,0,1,0,0.4221,0.0001,0.08,0.0021,5,6,142.566,0,0,5,0.5697087,0.9310871
70,-0.06087659,54.608999999999995,100.3,0,1,0,0,0,15.775570000000002,44,257.61001,6.3996010000000005,0.969877,1,0,0,0,0,1,0,0,0.915,0.0,0.0003,0.0,6,6,39.8075,0,0,4,0.15560079999999998,0.3109226
71,3.2237502439999997,66.725,45.1,0,0,0,1,0,15.415970000000002,43,44.287496999999995,7.045093,6.80952,0,0,0,0,0,1,0,0,0.9637,0.0001,0.0012,0.0005,5,6,77.1476,0,0,2,0.0700904,0.13945339999999998
72,0.76124501,69.31560999999999,15.2,0,0,0,0,0,16.15481,44,115.43327,9.051471000000001,1.9747299999999999,0,1,0,0,0,0,0,0,0.777,0.0096,0.0016,0.0001,8,4,59.677,0,0,2,0.3513594,0.6802183
73,-0.39415479200000003,78.03634100000001,5.0,0,0,0,0,0,12.44834,31,2.5419052000000004,10.62573,0.0,1,0,0,0,0,0,0,0,0.965,0.0,0.0002,0.0,7,6,65.9798,0,0,1,0.0675639,0.13504720000000003
74,0.26645874399999997,57.915,88.5,1,0,0,0,0,20.58416,0,292.6599,5.968736,3.5638699999999996,0,0,1,1,0,0,0,0,0.05,0.0,0.121,0.0071,7,5,15.239,1,0,2,0.307289,0.5424180999999999
75,-0.414384856,63.281000000000006,61.8,0,0,0,0,0,19.01642,0,100.15446,6.776742,12.5712,1,0,0,1,0,0,0,0,0.1077,0.0,0.8420000000000001,0.01,6,6,49.0619,0,0,6,0.2777126,0.496096
76,3.3743288419999997,63.828,43.7,0,0,0,0,0,17.84489,0,34.520853,7.688302999999999,20.9494,0,0,0,1,0,0,0,0,0.0034,0.0003,0.9742,0.0,7,5,37.6592,0,1,6,0.0504343,0.0999005
80,2.472233581,76.970732,8.4,0,0,0,0,0,17.853620000000003,45,192.85043000000002,10.178560000000001,0.15162799999999999,0,0,0,0,0,0,0,0,0.8441,0.0007,0.0104,0.0001,8,5,37.9898,0,0,1,0.26644840000000003,0.5163814999999999
81,0.041676798,72.065,25.5,1,0,0,0,0,14.70103,32,223.84506000000002,8.237281,6.43602,1,0,1,0,0,0,1,0,0.7047,0.0002,0.0012,0.0001,7,6,99.9402,0,0,2,0.41707799999999995,0.8304246999999999
82,-3.194372932,78.83682900000001,4.6,0,0,0,0,0,18.63205,45,338.82885,10.37703,0.042233,1,0,0,1,0,0,0,0,0.03,0.0,0.0013,0.7462,6,6,19.6672,0,0,1,0.3927776,0.7227412
83,1.8866826069999998,69.872,29.8,0,0,0,0,1,15.085429999999999,42,40.351110999999996,7.459786,0.22821999999999998,0,0,0,1,0,0,0,0,0.0312,0.0,0.9494,0.0,6,6,154.645,0,0,5,0.0972898,0.1876839
84,-0.37187699,68.336585,44.6,0,0,0,0,0,16.60962,31,6.055487599999999,8.019674,13.1405,0,1,0,1,0,0,0,0,0.2818,0.0009,0.47,0.0011,7,3,149.33700000000002,0,0,5,0.6390723,0.8792133
85,-1.279834912,57.536,65.9,1,0,0,0,0,16.96835,30,41.119069,6.455319,3.5049099999999997,0,0,1,0,1,0,0,0,0.7851,0.0001,0.0699,0.0,6,6,57.0209,0,0,6,0.357736,0.6198347
86,2.088256311,60.371,69.2,1,0,0,0,0,11.19013,31,89.397531,7.034657000000001,0.0,1,0,1,0,1,0,0,0,0.97,0.0,0.0,0.0001,6,7,158.875,0,0,1,0.058205999999999994,0.1163772
87,2.064943066,71.597561,13.3,0,0,0,0,0,17.57367,38,444.42549,9.045114,0.059888,0,0,0,1,0,0,0,0,0.2341,0.0,0.0001,0.2165,6,6,56.983000000000004,0,0,2,0.5965944999999999,0.8587513000000001
88,4.644078456,72.079,15.1,1,0,0,0,0,14.557260000000001,0,117.82351000000001,9.607008,37.4538,0,0,0,1,0,0,0,0,0.0472,0.0,0.8968,0.0,8,4,103.01100000000001,0,1,7,0.1903859,0.3523268
89,0.8327882879999999,68.297561,54.6,0,0,0,0,0,15.295110000000001,31,22.894682,6.548623,0.9614879999999999,0,1,0,1,0,0,0,0,0.1083,0.0012,0.7229,0.0041,7,3,78.7537,0,0,5,0.4389362,0.7105859999999999
90,-2.160088611,53.589,106.1,0,1,0,0,0,15.264420000000001,0,18.450919,5.554542,11.8025,0,1,0,1,0,0,0,0,0.0253,0.0,0.0043,0.51,6,5,35.8472,0,0,6,0.5272733000000001,0.9698773
92,4.440371978,70.222,26.9,0,0,0,0,1,14.80988,0,264.22444,8.13138,0.056672,0,0,0,1,0,0,0,0,0.4697,0.0,0.5303,0.0,7,5,117.917,0,0,6,0.4981638,0.9963276
93,-1.731466526,59.206,71.2,1,0,0,0,0,14.287970000000001,31,52.830631999999994,6.217985,2.74063,0,1,0,0,1,0,0,0,0.9044,0.0,0.0005,0.0,5,7,141.319,0,0,6,0.1730164,0.3455167
94,2.320690795,47.183,173.7,0,0,0,0,0,14.55613,0,21.773588,5.291475,38.8586,0,0,1,0,1,0,0,0,0.36,0.0,0.18,0.0,6,6,99.0529,0,0,7,0.6264,0.8951040000000001
95,0.599889476,68.52199999999999,35.7,0,0,0,0,1,15.30541,39,2.5214891,8.844742,33.6472,0,0,0,0,1,0,0,0,0.0241,0.0,0.97,0.0012,6,6,70.7978,0,1,7,0.0584957,0.11526889999999998
96,-3.400632926,71.160732,12.0,0,0,0,0,0,15.12326,31,58.995501000000004,8.813744,0.015594,0,0,0,0,0,0,0,0,0.8541,0.0015,0.002,0.0002,8,4,112.76100000000001,0,0,2,0.2502861,0.4951354
97,3.658772696,75.01041500000001,7.3,0,0,0,0,0,12.852780000000001,45,147.41899999999998,10.80689,0.0,0,1,0,0,0,0,0,0,0.9235,0.0018,0.0102,0.0,7,6,189.761,0,0,1,0.1428802,0.27696529999999997
98,0.814467635,71.152,33.1,0,0,0,0,1,14.506770000000001,31,78.498938,7.9656839999999995,0.0,0,1,0,0,0,0,0,0,0.6195,0.0005,0.3354,0.0,8,4,61.6768,0,0,3,0.5017372,0.8907681000000001
99,1.822924868,51.003,97.7,0,1,0,0,0,16.2664,30,19.944687,5.794261,4.41295,1,0,0,0,1,0,0,0,0.5266,0.0,0.0214,0.0003,7,5,44.6293,0,0,4,0.5182015,0.9743875
100,-0.286108773,46.576,138.2,1,0,0,0,0,16.06021,31,100.10133,5.617317,6.52913,0,1,1,0,1,0,0,0,0.6458,0.0,0.2,0.0,6,6,57.2028,0,0,7,0.5191647,0.7993318
101,3.0508292760000004,70.727,14.3,1,0,0,0,0,16.70801,23,54.902818,8.054242,17.0665,0,0,1,1,0,0,0,0,0.08,0.0,0.586,0.182,7,6,146.964,1,0,5,0.5939760000000001,0.7789661999999999
102,-0.160862495,61.398999999999994,68.0,1,0,0,0,0,12.31589,31,744.05,7.530286,0.0,1,0,0,1,0,0,0,0,0.0017,0.0,0.9918,0.0051,7,5,168.08,0,0,6,0.0163019,0.032387200000000005
103,1.767028799,45.746,130.1,0,1,0,0,0,15.95147,0,6.9375982,5.8149809999999995,2.43365,0,1,0,0,1,0,0,0,0.0191,0.0,0.8783,0.0,6,6,50.876999999999995,0,0,6,0.2176975,0.41474099999999997
105,0.760971422,58.415,71.6,0,1,0,0,0,14.523610000000001,27,1.9696711,6.455457,11.5664,0,0,0,0,1,0,0,0,0.0045,0.0,0.985,0.0,6,6,106.374,0,0,7,0.0296445,0.0587305
106,0.057697443,69.404878,19.8,0,1,0,0,0,13.872620000000001,31,521.5640400000001,8.052333,0.042062,1,0,0,0,1,0,0,0,0.3322,0.0,0.1653,0.0025,7,6,137.112,0,0,2,0.6123128000000001,0.8860398000000002
107,0.062467653,70.836,36.3,0,0,0,1,0,18.26236,45,43.909501,8.786339,8.87417,0,0,0,0,0,1,0,0,0.9685,0.0013,0.0,0.0,6,6,38.3062,1,0,4,0.061094,0.1217318
108,-0.849019766,67.643,27.5,0,0,0,0,1,15.122760000000001,31,128.74909,7.242871000000001,0.0,0,1,0,0,0,0,0,0,0.9481,0.0116,0.0073,0.0,7,4,98.7827,0,0,5,0.0998295,0.1915662
109,-2.517138514,60.268,76.9,0,0,0,0,0,14.596739999999999,45,1.4058968,6.89013,7.782610000000001,0,1,0,1,0,0,0,0,0.0101,0.0,0.0429,0.41600000000000004,7,3,58.6219,0,0,4,0.5430406,0.9406674
110,2.209555372,64.733,62.7,0,1,0,0,0,17.02954,18,55.745318999999995,7.349710000000001,1.04118,0,0,0,0,1,0,0,0,0.0137,0.0006,0.977,0.0,7,5,58.3133,0,0,4,0.045207300000000006,0.0888587
111,0.9568168890000001,42.915,159.4,0,0,1,0,0,16.39933,0,16.846370999999998,5.228262,8.60447,0,0,0,0,1,0,0,0,0.3805,0.0,0.16,0.0,7,5,44.2422,0,0,6,0.6184795,0.9012667
112,-0.227911065,61.538999999999994,49.0,1,0,0,0,0,14.162420000000001,31,1.7183398,7.900764,12.1538,0,0,1,0,1,0,0,0,0.9231,0.0012,0.0001,0.0,5,7,119.322,0,0,2,0.1421696,0.2832491
113,-0.578513628,54.26,97.5,0,0,0,0,0,16.74667,42,131.11473,5.428824,5.667330000000001,0,1,0,1,0,0,0,0,0.0289,0.0,0.0392,0.11,5,5,32.1888,1,0,4,0.3100085,0.533466
114,0.5677947879999999,76.878049,6.8,0,0,0,0,0,16.52032,44,442.87647999999996,10.33334,1.32362,0,0,0,0,0,0,0,0,0.7588,0.0017,0.0356,0.0032,6,6,109.09899999999999,0,0,1,0.3826616,0.6892362
115,0.82632164,75.378049,9.2,1,0,0,0,0,15.01842,45,12.645931,9.931548,2.22174,1,0,1,0,0,0,0,1,0.8418,0.0014,0.0017,0.0079,7,6,52.8068,0,0,1,0.2696376,0.5225997
116,-0.24895948399999998,64.169,50.9,0,0,0,1,0,15.23731,0,34.440459999999995,6.841246000000001,10.1087,0,0,0,0,0,0,1,0,0.9602,0.0001,0.0002,0.0011,5,6,71.2908,0,0,3,0.0765401,0.1524566
117,4.270080509,43.54,132.0,0,1,0,0,0,15.896560000000001,31,6.3257764000000005,5.601701,2.85148,0,1,0,0,1,0,0,0,0.0085,0.0,0.9016,0.0,7,6,36.9707,0,0,6,0.17896320000000002,0.34965890000000005
119,3.2802347960000002,76.537317,7.0,0,0,0,0,0,15.260420000000002,45,11.612711000000001,10.72522,10.865,0,0,0,0,0,0,0,0,0.9006,0.0002,0.0033,0.0066,6,6,73.9275,0,0,1,0.18089070000000002,0.3517517
120,2.730857797,67.181,31.8,0,0,1,0,0,14.410029999999999,37,5.8551212,9.257285000000001,42.23,0,0,0,1,0,0,0,0,0.0467,0.0,0.8553,0.0065,6,6,74.8292,0,0,6,0.2578665,0.4623231
121,2.611157319,60.05,106.4,1,0,0,0,0,18.49466,0,139.68272,6.367379,3.5630800000000002,0,0,1,1,0,0,0,0,0.0341,0.0,0.9487,0.0007,7,5,38.9095,1,0,4,0.0985328,0.1902521
123,1.534345929,58.865,64.1,1,0,0,0,0,15.27716,0,9.524045,6.916144,45.1362,1,0,0,0,0,0,0,1,0.9501,0.0001,0.0002,0.0015,6,6,89.5715,0,0,2,0.0949941,0.1889954
124,3.7863028310000004,68.014,36.3,0,0,0,1,0,15.253860000000001,42,10.605945,7.216341000000001,3.36174,0,1,0,0,0,0,1,0,0.9819,0.0006,0.0,0.0015,6,6,72.7405,0,0,4,0.0356138,0.07082089999999999
126,0.519013857,65.256,40.5,0,0,0,1,0,17.9418,0,207.75849,6.910264,2.22729,1,0,0,1,0,0,0,0,0.927,0.0,0.046,0.001,4,6,60.8003,0,0,3,0.137878,0.2616364
127,-1.822492831,70.890244,15.1,0,0,0,0,0,17.45601,45,124.42712,8.472944,1.68398,0,0,0,0,0,0,0,0,0.972,0.0001,0.0001,0.0,6,6,45.857,0,0,2,0.0544431,0.1088213
128,0.017121786,73.96585400000001,11.5,0,0,0,0,0,16.11642,45,109.10621,9.573521000000001,0.579518,0,0,0,0,0,0,0,0,0.9440000000000001,0.0001,0.002,0.0051,6,6,66.3074,0,0,1,0.1064525,0.2087949
129,3.0775423460000004,74.984,17.8,1,0,0,0,0,13.074110000000001,31,41.037468,10.39529,43.5477,0,0,0,1,0,0,0,0,0.071,0.0,0.8572,0.0185,6,6,78.6499,0,1,7,0.256984,0.45054700000000003
130,3.6521495460000004,69.74122,24.4,0,0,0,0,1,16.95974,44,101.16344000000001,8.193721,7.49372,0,0,0,0,0,0,0,0,0.9127,0.0004,0.002,0.0,8,4,42.9071,0,0,6,0.1597665,0.3172919
131,-2.9298138689999997,68.886098,18.5,0,0,0,0,0,18.81469,0,9.0477396,8.651821,18.2943,0,0,0,1,0,0,0,0,0.2437,0.0101,0.1014,0.002,7,3,36.1068,1,0,5,0.5170305000000001,0.8074116
133,1.352770215,64.851,25.4,0,0,0,0,0,12.000680000000001,31,57.549822999999996,7.376797,3.2563400000000002,1,0,0,0,0,0,0,1,0.9726,0.0,0.0002,0.0001,7,6,72.7679,0,0,2,0.0533148,0.1065344
134,0.560149213,69.017,35.6,0,0,0,0,1,16.608320000000003,44,7.5949625,9.455876,43.3413,0,0,1,1,0,0,0,0,0.0339,0.0,0.9485,0.0036,6,6,72.2313,0,1,7,0.09898960000000001,0.190594
135,6.800272352,57.202,71.2,0,1,0,0,0,15.8378,0,39.243843,6.525469,1.4885700000000002,0,0,0,0,1,0,0,0,0.0548,0.0,0.8779,0.0001,7,6,57.5961,0,0,4,0.22177270000000004,0.4046174
136,-0.685133779,68.10731700000001,14.4,1,0,0,0,0,11.14918,31,151.10217,9.057555,0.0,1,0,0,0,1,0,0,0,0.9707,0.0,0.0023,0.0,5,6,129.226,0,0,6,0.0570072,0.1132911
138,4.272580222,75.29512199999999,6.2,1,0,0,0,0,14.92971,32,4547.9582,9.724480999999999,0.0,1,0,1,1,0,0,0,0,0.1167,0.0002,0.183,0.15,6,6,344.83,0,0,4,0.627782,0.7786375
139,2.354266425,70.932683,12.6,0,0,0,0,0,15.48306,31,110.17021000000001,8.805050999999999,0.263515,0,1,0,0,0,0,0,0,0.7269,0.0002,0.0,0.0,8,4,62.0863,0,0,3,0.39714190000000005,0.7938078000000001
140,-1.8775566469999998,73.20487800000001,8.8,0,0,0,0,0,14.50774,31,99.213555,9.448152,0.009543000000000001,0,0,0,0,0,0,0,0,0.8958,0.0002,0.024,0.0,8,4,169.28900000000002,0,0,2,0.19056629999999997,0.3602652
141,-1.031423204,56.638000000000005,31.2,1,0,0,0,0,12.65025,31,11.141122,6.8936020000000005,6.974410000000001,1,0,0,0,0,0,0,1,0.95,0.0,0.0014,0.0033,5,6,94.7451,0,0,1,0.09543510000000001,0.1883878
143,-0.967025895,62.062,46.9,1,0,0,0,0,17.44146,22,30.962685999999998,8.486073,3.8694900000000003,0,0,1,0,1,0,0,0,0.7787,0.0031,0.0118,0.0018,5,7,42.9994,1,0,5,0.351613,0.6705491
144,2.3200412619999997,76.837561,7.5,0,0,0,0,0,17.47566,37,77.821804,9.851377000000001,0.164838,0,0,0,0,0,0,0,0,0.9616,0.0003,0.0044,0.0004,7,5,35.5214,1,0,1,0.0741969,0.146396
145,-0.554066188,69.51100000000001,18.1,1,0,0,0,0,16.66793,0,276.34688,6.676878,1.50043,1,0,1,1,0,0,0,0,0.0773,0.0,0.0883,0.6856,8,5,68.2439,0,0,4,0.494039,0.717006
146,-0.9220858040000001,65.95121999999999,26.1,1,0,0,0,0,10.61727,31,157.05385,8.886609,0.0,1,0,1,0,0,1,0,0,0.877,0.0,0.0,0.0,6,7,134.894,1,0,1,0.21574200000000002,0.43148400000000003
147,-1.377252846,71.108,18.6,1,0,0,0,0,11.83635,31,226.53278999999998,8.497351,0.0,1,0,0,0,0,1,0,0,0.9854,0.0,0.0,0.0,5,7,156.725,0,0,1,0.028773700000000003,0.057547400000000005
148,-3.467932687,70.14,20.2,1,0,0,0,0,11.585289999999999,31,275.65385,8.016466000000001,0.0,1,0,1,0,0,1,0,0,0.8625,0.0,0.0142,0.0,7,7,142.643,0,0,1,0.24068920000000002,0.463257
150,1.1822053909999999,67.393,40.9,0,0,0,0,0,12.91773,30,2.612,8.253739999999999,25.4746,0,0,0,0,0,0,1,0,0.5855,0.0013,0.1619,0.0035,7,6,86.4924,0,0,4,0.5695593000000001,0.8410617
